{
  "benchmarks": [
    {
      "circuit_name": "Threshold-3",
      "gates": 5,
      "image_size": "128x128",
      "H": 128,
      "W": 128,
      "L": 4,
      "num_wires": 20,
      "embed_ms_mean": 1.5020799997728318,
      "embed_ms_std": 0.5482439698036399,
      "compute_ms_mean": 2.3457350002900057,
      "compute_ms_std": 0.8463297512172137,
      "extract_ms_mean": 0.0161899999511661,
      "extract_ms_std": 0.010073276376844686,
      "total_ms_mean": 3.8640050000140036,
      "total_ms_std": 1.3804742710202313,
      "per_gate_ms": 0.46914700005800114,
      "throughput": 2336.401729423248,
      "comm_mb": 0.9375,
      "psnr": 51.13992250817031,
      "num_runs": 20
    },
    {
      "circuit_name": "Small-Bool",
      "gates": 14,
      "image_size": "128x128",
      "H": 128,
      "W": 128,
      "L": 4,
      "num_wires": 47,
      "embed_ms_mean": 3.5744349998822145,
      "embed_ms_std": 1.2983972857919608,
      "compute_ms_mean": 6.415610000203742,
      "compute_ms_std": 1.3960107040987508,
      "extract_ms_mean": 0.02292500021212618,
      "extract_ms_std": 0.011046079590562393,
      "total_ms_mean": 10.012970000298083,
      "total_ms_std": 2.3265997175657906,
      "per_gate_ms": 0.4582578571574101,
      "throughput": 2274.6248355549787,
      "comm_mb": 2.203125,
      "psnr": 51.14478268679032,
      "num_runs": 20
    },
    {
      "circuit_name": "Small-Bool",
      "gates": 14,
      "image_size": "256x256",
      "H": 256,
      "W": 256,
      "L": 4,
      "num_wires": 47,
      "embed_ms_mean": 11.368335000133811,
      "embed_ms_std": 1.9931686451384834,
      "compute_ms_mean": 24.814354999671195,
      "compute_ms_std": 3.257029100074379,
      "extract_ms_mean": 0.03424500009714393,
      "extract_ms_std": 0.019845313721820294,
      "total_ms_mean": 36.21693499990215,
      "total_ms_std": 4.202794484265257,
      "per_gate_ms": 1.7724539285479426,
      "throughput": 574.5872266518993,
      "comm_mb": 8.8125,
      "psnr": 51.14123816941233,
      "num_runs": 20
    },
    {
      "circuit_name": "4-bit-Adder",
      "gates": 88,
      "image_size": "128x128",
      "H": 128,
      "W": 128,
      "L": 4,
      "num_wires": 274,
      "embed_ms_mean": 19.3442949997916,
      "embed_ms_std": 2.597093727187283,
      "compute_ms_mean": 40.81468999993376,
      "compute_ms_std": 5.2024114511791115,
      "extract_ms_mean": 0.07346000020334031,
      "extract_ms_std": 0.04054139111194803,
      "total_ms_mean": 60.2324449999287,
      "total_ms_std": 5.67207166104673,
      "per_gate_ms": 0.4638032954537927,
      "throughput": 2192.893492212254,
      "comm_mb": 12.84375,
      "psnr": 51.1448875772855,
      "num_runs": 20
    },
    {
      "circuit_name": "4-bit-Adder",
      "gates": 88,
      "image_size": "256x256",
      "H": 256,
      "W": 256,
      "L": 4,
      "num_wires": 274,
      "embed_ms_mean": 67.66557499995542,
      "embed_ms_std": 7.016936691562087,
      "compute_ms_mean": 160.29197000007116,
      "compute_ms_std": 17.692835620916444,
      "extract_ms_mean": 0.059839999812538736,
      "extract_ms_std": 0.017210735118749185,
      "total_ms_mean": 228.01738499983912,
      "total_ms_std": 22.297662799685813,
      "per_gate_ms": 1.821499659091718,
      "throughput": 556.1037966488581,
      "comm_mb": 51.375,
      "psnr": 51.14101519488626,
      "num_runs": 20
    },
    {
      "circuit_name": "8-bit-Mult",
      "gates": 302,
      "image_size": "256x256",
      "H": 256,
      "W": 256,
      "L": 4,
      "num_wires": 924,
      "embed_ms_mean": 237.65507000025536,
      "embed_ms_std": 25.2755272184473,
      "compute_ms_mean": 512.7628449999065,
      "compute_ms_std": 38.07636212155813,
      "extract_ms_mean": 0.15510499997617444,
      "extract_ms_std": 0.03893012289318007,
      "total_ms_mean": 750.5730200001381,
      "total_ms_std": 55.52061719394845,
      "per_gate_ms": 1.6978902152314785,
      "throughput": 591.8994411285122,
      "comm_mb": 173.25,
      "psnr": 51.13974487946051,
      "num_runs": 20
    },
    {
      "circuit_name": "Small-Bool",
      "gates": 14,
      "image_size": "128x128",
      "H": 128,
      "W": 128,
      "L": 2,
      "num_wires": 47,
      "embed_ms_mean": 2.8437199998734286,
      "embed_ms_std": 0.4095051765589461,
      "compute_ms_mean": 5.6101849998412945,
      "compute_ms_std": 1.3928559086493,
      "extract_ms_mean": 0.011690000155795133,
      "extract_ms_std": 0.003674493593979018,
      "total_ms_mean": 8.465594999870518,
      "total_ms_std": 1.6968026680534782,
      "per_gate_ms": 0.4007274999886639,
      "throughput": 2583.425537191789,
      "comm_mb": 2.203125,
      "psnr": 51.14244764443974,
      "num_runs": 20
    },
    {
      "circuit_name": "Small-Bool",
      "gates": 14,
      "image_size": "128x128",
      "H": 128,
      "W": 128,
      "L": 8,
      "num_wires": 47,
      "embed_ms_mean": 3.3956899999793677,
      "embed_ms_std": 1.4374456795412927,
      "compute_ms_mean": 6.0837849998279125,
      "compute_ms_std": 1.6973864069773248,
      "extract_ms_mean": 0.02385499992669793,
      "extract_ms_std": 0.00791842592695478,
      "total_ms_mean": 9.503329999733978,
      "total_ms_std": 2.7797261876817485,
      "per_gate_ms": 0.43455607141627944,
      "throughput": 2433.065894619844,
      "comm_mb": 2.203125,
      "psnr": 51.144910700047205,
      "num_runs": 20
    },
    {
      "circuit_name": "Small-Bool",
      "gates": 14,
      "image_size": "256x256",
      "H": 256,
      "W": 256,
      "L": 2,
      "num_wires": 47,
      "embed_ms_mean": 14.500495000083902,
      "embed_ms_std": 4.590300505718894,
      "compute_ms_mean": 28.894769999897107,
      "compute_ms_std": 6.428362549715339,
      "extract_ms_mean": 0.027919999865844147,
      "extract_ms_std": 0.00928405048050363,
      "total_ms_mean": 43.42318499984685,
      "total_ms_std": 9.576898882339243,
      "per_gate_ms": 2.0639121428497935,
      "throughput": 505.6227189596884,
      "comm_mb": 8.8125,
      "psnr": 51.14082390350478,
      "num_runs": 20
    },
    {
      "circuit_name": "Small-Bool",
      "gates": 14,
      "image_size": "256x256",
      "H": 256,
      "W": 256,
      "L": 8,
      "num_wires": 47,
      "embed_ms_mean": 12.015585000244755,
      "embed_ms_std": 2.8299722181973723,
      "compute_ms_mean": 24.308344999917608,
      "compute_ms_std": 4.74137115227303,
      "extract_ms_mean": 0.03962999981013127,
      "extract_ms_std": 0.024678393540603888,
      "total_ms_mean": 36.363559999972495,
      "total_ms_std": 6.6951689170859225,
      "per_gate_ms": 1.7363103571369725,
      "throughput": 596.0103385442843,
      "comm_mb": 8.8125,
      "psnr": 51.14206639717501,
      "num_runs": 20
    }
  ]
}