{
  "benchmarks": [
    {
      "circuit_name": "Threshold-3",
      "gates": 5,
      "image_size": "128x128",
      "H": 128,
      "W": 128,
      "L": 4,
      "num_wires": 20,
      "embed_ms_mean": 1.641394999660406,
      "embed_ms_std": 0.41471381981422994,
      "compute_ms_mean": 2.3530550001851225,
      "compute_ms_std": 0.5658924136958053,
      "extract_ms_mean": 0.017750000188243575,
      "extract_ms_std": 0.009863645378705292,
      "total_ms_mean": 4.012200000033772,
      "total_ms_std": 0.8651998514342178,
      "per_gate_ms": 0.4706110000370245,
      "throughput": 2240.016935961755,
      "comm_mb": 0.9375,
      "psnr": 51.1415849990081,
      "num_runs": 20
    },
    {
      "circuit_name": "Small-Bool",
      "gates": 14,
      "image_size": "128x128",
      "H": 128,
      "W": 128,
      "L": 4,
      "num_wires": 47,
      "embed_ms_mean": 3.2448550001390686,
      "embed_ms_std": 0.8552437327460599,
      "compute_ms_mean": 6.03746000015235,
      "compute_ms_std": 1.6173793956676321,
      "extract_ms_mean": 0.019194999913452193,
      "extract_ms_std": 0.008261445217299757,
      "total_ms_mean": 9.301510000204871,
      "total_ms_std": 2.354528642663227,
      "per_gate_ms": 0.431247142868025,
      "throughput": 2425.5975841940385,
      "comm_mb": 2.203125,
      "psnr": 51.13693399567269,
      "num_runs": 20
    },
    {
      "circuit_name": "Small-Bool",
      "gates": 14,
      "image_size": "256x256",
      "H": 256,
      "W": 256,
      "L": 4,
      "num_wires": 47,
      "embed_ms_mean": 14.484810000340076,
      "embed_ms_std": 3.045278707284939,
      "compute_ms_mean": 29.327439999815397,
      "compute_ms_std": 6.041196989974335,
      "extract_ms_mean": 0.03153999987262068,
      "extract_ms_std": 0.009801703837558613,
      "total_ms_mean": 43.84379000002809,
      "total_ms_std": 6.605598397673442,
      "per_gate_ms": 2.094817142843957,
      "throughput": 497.26028276864963,
      "comm_mb": 8.8125,
      "psnr": 51.141716426030435,
      "num_runs": 20
    },
    {
      "circuit_name": "4-bit-Adder",
      "gates": 88,
      "image_size": "128x128",
      "H": 128,
      "W": 128,
      "L": 4,
      "num_wires": 274,
      "embed_ms_mean": 25.142979999782256,
      "embed_ms_std": 6.099501697370221,
      "compute_ms_mean": 51.45131500012212,
      "compute_ms_std": 9.926512756432134,
      "extract_ms_mean": 0.06993500019234489,
      "extract_ms_std": 0.02271079634176393,
      "total_ms_mean": 76.66423000009672,
      "total_ms_std": 14.061957527428852,
      "per_gate_ms": 0.5846740340922969,
      "throughput": 1776.3656251912623,
      "comm_mb": 12.84375,
      "psnr": 51.13846029829886,
      "num_runs": 20
    },
    {
      "circuit_name": "4-bit-Adder",
      "gates": 88,
      "image_size": "256x256",
      "H": 256,
      "W": 256,
      "L": 4,
      "num_wires": 274,
      "embed_ms_mean": 70.22314499990898,
      "embed_ms_std": 9.030017387523007,
      "compute_ms_mean": 154.41597499993804,
      "compute_ms_std": 15.053054315612604,
      "extract_ms_mean": 0.06636999987676973,
      "extract_ms_std": 0.026101093862377907,
      "total_ms_mean": 224.7054899997238,
      "total_ms_std": 17.580713997806622,
      "per_gate_ms": 1.7547269886356598,
      "throughput": 575.5898740219847,
      "comm_mb": 51.375,
      "psnr": 51.141026852919325,
      "num_runs": 20
    },
    {
      "circuit_name": "8-bit-Mult",
      "gates": 302,
      "image_size": "256x256",
      "H": 256,
      "W": 256,
      "L": 4,
      "num_wires": 924,
      "embed_ms_mean": 257.85553499990783,
      "embed_ms_std": 41.41231848627214,
      "compute_ms_mean": 513.3491200002027,
      "compute_ms_std": 38.49831445794581,
      "extract_ms_mean": 0.15771000025779358,
      "extract_ms_std": 0.0509009616106802,
      "total_ms_mean": 771.3623650003683,
      "total_ms_std": 64.40375856468353,
      "per_gate_ms": 1.6998315231794792,
      "throughput": 591.6354819457739,
      "comm_mb": 173.25,
      "psnr": 51.143033994639254,
      "num_runs": 20
    },
    {
      "circuit_name": "Small-Bool",
      "gates": 14,
      "image_size": "128x128",
      "H": 128,
      "W": 128,
      "L": 2,
      "num_wires": 47,
      "embed_ms_mean": 3.4120399999665096,
      "embed_ms_std": 1.4092453107359175,
      "compute_ms_mean": 6.522400000085327,
      "compute_ms_std": 2.1830669555577207,
      "extract_ms_mean": 0.014560000272467732,
      "extract_ms_std": 0.007974107732832688,
      "total_ms_mean": 9.949000000324304,
      "total_ms_std": 3.003491636272995,
      "per_gate_ms": 0.4658857142918091,
      "throughput": 2321.17098648073,
      "comm_mb": 2.203125,
      "psnr": 51.13900504749422,
      "num_runs": 20
    },
    {
      "circuit_name": "Small-Bool",
      "gates": 14,
      "image_size": "128x128",
      "H": 128,
      "W": 128,
      "L": 8,
      "num_wires": 47,
      "embed_ms_mean": 3.7961150002956856,
      "embed_ms_std": 1.4995024738227651,
      "compute_ms_mean": 6.688590000067052,
      "compute_ms_std": 2.1776789137852113,
      "extract_ms_mean": 0.031184999988909112,
      "extract_ms_std": 0.013943646453805848,
      "total_ms_mean": 10.515890000351646,
      "total_ms_std": 3.4058765253912333,
      "per_gate_ms": 0.4777564285762179,
      "throughput": 2264.2778915163312,
      "comm_mb": 2.203125,
      "psnr": 51.14322413013167,
      "num_runs": 20
    },
    {
      "circuit_name": "Small-Bool",
      "gates": 14,
      "image_size": "256x256",
      "H": 256,
      "W": 256,
      "L": 2,
      "num_wires": 47,
      "embed_ms_mean": 11.763155000062397,
      "embed_ms_std": 3.0624743647485144,
      "compute_ms_mean": 23.2608700000128,
      "compute_ms_std": 4.041636124780443,
      "extract_ms_mean": 0.01975499972104444,
      "extract_ms_std": 0.007177497628039914,
      "total_ms_mean": 35.04377999979624,
      "total_ms_std": 5.159083295576932,
      "per_gate_ms": 1.6614907142866286,
      "throughput": 617.8895689361503,
      "comm_mb": 8.8125,
      "psnr": 51.14241145784324,
      "num_runs": 20
    },
    {
      "circuit_name": "Small-Bool",
      "gates": 14,
      "image_size": "256x256",
      "H": 256,
      "W": 256,
      "L": 8,
      "num_wires": 47,
      "embed_ms_mean": 13.78879500007315,
      "embed_ms_std": 3.720344655472917,
      "compute_ms_mean": 23.86436999986472,
      "compute_ms_std": 4.133584071324263,
      "extract_ms_mean": 0.04248999985065893,
      "extract_ms_std": 0.027525767996793238,
      "total_ms_mean": 37.69565499978853,
      "total_ms_std": 4.974290527858421,
      "per_gate_ms": 1.7045978571331943,
      "throughput": 602.612632292939,
      "comm_mb": 8.8125,
      "psnr": 51.14082969243126,
      "num_runs": 20
    }
  ]
}